metric,value
coord_only_goal,0.03409090909090909
coord_plus_nuisance_goal,0.045454545454545456
crtr_learned_goal,0.022727272727272728
idm_learned_goal,0.02556818181818182
crtr_online_joint_goal,0.036931818181818184
idm_online_joint_goal,0.03125
