metric,value
coord_only_goal,0.03977272727272727
coord_plus_nuisance_goal,0.02556818181818182
crtr_learned_goal,0.03409090909090909
idm_learned_goal,0.0625
crtr_online_joint_goal,0.02556818181818182
idm_online_joint_goal,0.028409090909090908
