metric,value
coord_only_goal,0.03977272727272727
coord_plus_nuisance_goal,0.022727272727272728
crtr_learned_goal,0.03977272727272727
idm_learned_goal,0.048295454545454544
crtr_online_joint_goal,0.017045454545454544
idm_online_joint_goal,0.017045454545454544
