metric,value
coord_only,33.79537953795379
coord_plus_nuisance,33.79537953795379
crtr_learned,33.79537953795379
idm_learned,33.79537953795379
crtr_online_joint,33.79537953795379
idm_online_joint,33.79537953795379
