metric,value
coord_only_goal,0.03977272727272727
coord_plus_nuisance_goal,0.022727272727272728
crtr_learned_goal,0.03125
idm_learned_goal,0.048295454545454544
crtr_online_joint_goal,0.019886363636363636
idm_online_joint_goal,0.011363636363636364
