metric,value
coord_only,22.755555555555556
coord_plus_nuisance,22.755555555555556
crtr_learned,22.755555555555556
idm_learned,22.755555555555556
crtr_online_joint,22.755555555555556
idm_online_joint,22.755555555555556
