metric,value
coord_only_goal,0.028409090909090908
coord_plus_nuisance_goal,0.03977272727272727
crtr_learned_goal,0.028409090909090908
idm_learned_goal,0.017045454545454544
crtr_online_joint_goal,0.03977272727272727
idm_online_joint_goal,0.014204545454545454
