metric,value
coord_only_goal,0.028409090909090908
coord_plus_nuisance_goal,0.04261363636363636
crtr_learned_goal,0.03977272727272727
idm_learned_goal,0.03125
crtr_online_joint_goal,0.011363636363636364
idm_online_joint_goal,0.019886363636363636
